timestamp_us,steer_us,throttle_us,speed_mps
255007068,1500,1500,0.0000
256007110,1500,1500,0.0000
257007141,1500,1500,0.0000
258007170,1500,1500,0.0000
259007197,1500,1500,0.0000
259401093,1442,1500,0.0005
259431794,1442,1500,4.4342
259437065,1442,1500,25.8273
259671518,1442,1500,0.0000
259774868,1442,1179,0.4030
259801300,1492,1321,5.1504
259823980,1492,1321,6.0025
259846984,1492,1321,5.9179
259869584,1492,1321,6.0237
259892397,1492,1321,5.9675
259914347,1492,1321,6.2021
259935690,1492,1321,6.3785
259957176,1492,1321,6.3360
259977941,1492,1321,6.5560
259999049,1492,1321,6.4495
260007241,1492,1321,6.4495
260019630,1492,1321,6.6146
260040192,1492,1321,6.6207
260060276,1508,1321,6.7783
260080345,1508,1321,6.7834
260100133,1508,1404,6.8797
260121403,1508,1404,6.4004
260144054,1508,1404,6.0101
260167292,1508,1404,5.8583
260192657,1508,1404,5.3671
260219481,1508,1404,5.0751
260248415,1508,1404,4.7050
260280591,1517,1496,4.2310
260319159,1517,1496,3.5298
260366864,1517,1496,2.8537
260433383,1517,1496,2.0466
260671810,1525,1579,0.0000
261007360,1533,1613,0.0000
261224086,1542,1754,0.1722
261297965,1542,1754,1.8427
261332981,1533,1871,3.8878
261359871,1533,1871,5.0627
261381463,1533,1871,6.3049
261400684,1533,1871,7.0827
261417802,1533,1871,7.9528
261433927,1533,1871,8.4425
261448691,1533,1871,9.2208
261462998,1533,1871,9.5153
261476548,1533,1871,10.0469
261489774,1533,1871,10.2930
261502418,1533,1871,10.7668
261514862,1533,1871,10.9399
261526723,1533,1871,11.4776
261538538,1533,1871,11.5223
261549892,1533,1871,11.9901
261561334,1533,1871,11.8979
261572332,1533,1871,12.3782
261583194,1533,1871,12.5332
261593839,1533,1871,12.7887
261604452,1533,1871,12.8273
261614772,1533,1871,13.1914
261625115,1533,1871,13.1621
261635183,1533,1871,13.5216
261645305,1533,1871,13.4495
261655110,1533,1871,13.8843
261665038,1533,1871,13.7123
261674764,1533,1871,13.9971
261684589,1533,1871,13.8560
261694122,1533,1871,14.2805
261703665,1533,1871,14.2655
261712921,1533,1871,14.7078
261722417,1533,1871,14.3361
261731764,1533,1871,14.5646
261741146,1533,1871,14.5103
261750207,1533,1871,15.0244
261759355,1533,1871,14.8815
261768345,1533,1871,15.1430
261777498,1533,1871,14.8733
261786410,1533,1871,15.2755
261795378,1533,1871,15.1802
261804157,1533,1871,15.5070
261813070,1533,1871,15.2738
261821763,1533,1871,15.6604
261830691,1533,1871,15.2482
261839397,1533,1871,15.6370
261848182,1533,1871,15.4964
261856796,1533,1871,15.8040
261865449,1533,1871,15.7328
261873933,1533,1871,16.0462
261882649,1533,1871,15.6191
261891201,1533,1871,15.9186
261899824,1533,1871,15.7875
261908204,1533,1871,16.2453
261916700,1533,1871,16.0235
261925016,1533,1871,16.3703
261933505,1533,1871,16.0367
261941884,1533,1871,16.2472
261950353,1533,1871,16.0746
261958648,1533,1871,16.4118
261967080,1533,1871,16.1451
261975355,1533,1871,16.4514
261983710,1533,1871,16.2939
261991945,1533,1871,16.5314
262000221,1533,1871,16.4495
262007444,1533,1871,16.4495
262008446,1533,1871,16.5515
262016718,1533,1871,16.4574
262024856,1533,1871,16.7284
262033134,1533,1871,16.4455
262041284,1533,1871,16.7038
262049546,1533,1871,16.4773
262057663,1533,1871,16.7717
262065887,1533,1871,16.5535
262073940,1533,1871,16.9050
262082160,1533,1871,16.5615
262090249,1533,1871,16.8297
262098421,1533,1871,16.6588
262106434,1533,1871,16.9894
262114606,1533,1871,16.6588
262122611,1533,1871,17.0063
262130796,1533,1871,16.6323
262138830,1533,1871,16.9449
262146920,1533,1871,16.8277
262154923,1533,1871,17.0106
262162977,1533,1871,16.9029
262170910,1533,1871,17.1607
262179051,1533,1871,16.7222
262187093,1533,1871,16.9281
262195165,1533,1871,16.8652
262203135,1533,1871,17.0810
262211116,1533,1871,17.0575
262219054,1533,1871,17.1499
262227068,1533,1871,16.9872
262234984,1533,1871,17.1975
262243030,1533,1871,16.9197
262250942,1533,1871,17.2062
262258957,1533,1871,16.9851
262266831,1533,1871,17.2893
262274816,1533,1871,17.0489
262282709,1533,1871,17.2476
262290721,1533,1871,16.9915
262298602,1533,1871,17.2739
262306612,1533,1871,16.9957
262314473,1533,1871,17.3179
262322459,1533,1871,17.0468
262330300,1533,1871,17.3620
262338274,1533,1871,17.0724
262346129,1533,1871,17.3311
262354038,1533,1871,17.2128
262361899,1533,1871,17.3179
262369862,1533,1871,17.0960
262377680,1533,1871,17.4131
262385623,1533,1871,17.1391
262393441,1533,1871,17.4131
262401407,1533,1871,17.0896
262409276,1533,1871,17.3003
262417215,1533,1871,17.1477
262425062,1533,1871,17.3488
262432974,1533,1871,17.2062
262440731,1533,1871,17.5500
262448698,1533,1871,17.0874
262456569,1533,1871,17.2959
262464523,1533,1871,17.1154
262472342,1533,1871,17.4109
262480282,1533,1871,17.1456
262488065,1533,1871,17.4914
262495935,1533,1871,17.2981
262503705,1533,1871,17.5207
262511672,1533,1871,17.0874
262519504,1533,1871,17.3820
262527432,1533,1871,17.1715
262535220,1533,1871,17.4802
262543094,1533,1871,17.2893
262550926,1533,1871,17.3820
262558850,1533,1871,17.1802
262566681,1533,1871,17.3842
262574571,1533,1871,17.2542
262582342,1533,1871,17.5184
262590233,1533,1871,17.2520
262598012,1533,1871,17.5004
262605902,1533,1871,17.2542
262613704,1533,1871,17.4488
262621592,1533,1871,17.2586
262629412,1533,1871,17.4087
262637351,1533,1871,17.1477
262645149,1533,1871,17.4578
262653049,1533,1871,17.2324
262660802,1533,1871,17.5591
262668695,1533,1871,17.2476
262676438,1533,1871,17.5818
262684370,1533,1871,17.1628
262692189,1533,1871,17.4109
262700063,1533,1871,17.2893
262707839,1533,1871,17.5072
262715717,1533,1871,17.2805
262723469,1533,1871,17.5614
262731374,1533,1871,17.2215
262739185,1533,1871,17.4287
262747092,1533,1871,17.2171
262754881,1533,1871,17.4779
262762777,1533,1871,17.2411
262770572,1533,1871,17.4645
262778503,1533,1871,17.1650
262786296,1533,1871,17.4690
262794191,1533,1871,17.2433
262801962,1533,1871,17.5184
262809852,1533,1871,17.2542
262817653,1533,1871,17.4511
262825607,1533,1871,17.1154
262833438,1533,1871,17.3842
262841354,1533,1871,17.1975
262849126,1517,1871,17.5162
262857021,1517,1871,17.2433
262864818,1517,1871,17.4600
262872747,1517,1946,17.1693
262880614,1517,1946,17.3046
262888597,1517,1946,17.0532
262896419,1517,1946,17.4042
262904336,1517,1946,17.1954
262912079,1517,1946,17.5818
262919925,1517,1946,17.3510
262927610,1517,1946,17.7145
262935429,1517,1946,17.4109
262943075,1500,2000,17.8048
262950836,1500,2000,17.5410
262958477,1500,2000,17.8165
262966241,1500,2000,17.5342
262973844,1500,2000,17.9055
262981528,1500,2000,17.7168
262989050,1500,2000,18.0983
262996701,1500,2000,17.7932
263004265,1500,2000,17.9978
263007583,1500,2000,17.9978
263011917,1500,2000,17.7909
263019427,1500,2000,18.1273
263027030,1500,2000,17.9055
263034509,1500,2000,18.2024
263042109,1500,2000,17.9126
263049592,1500,2000,18.1927
263057185,1500,2000,17.9291
263064658,1500,2000,18.2170
263072198,1500,2000,18.0551
263079599,1500,2000,18.3942
263087187,1500,2000,17.9409
263094650,1500,2000,18.2414
263102197,1500,2000,18.0384
263109615,1500,2000,18.3521
263117102,1500,2000,18.1829
263124469,1500,2000,18.4791
263131943,1500,2000,18.2146
263139331,1500,2000,18.4266
263146833,1500,2000,18.1466
263154280,1500,2000,18.2806
263161807,1500,2000,18.0863
263169186,1500,2000,18.4491
263176708,1500,2000,18.0983
263184060,1500,2000,18.5168
263191507,1500,2000,18.2806
263198845,1500,2000,18.5522
263206249,1493,2000,18.3868
263213594,1493,2000,18.5345
263221124,1493,2000,18.0791
263228524,1493,2000,18.3967
263235987,1493,2000,18.2414
263243382,1493,2000,18.4092
263250813,1493,2000,18.3200
263258159,1493,2000,18.5319
263265581,1493,2000,18.3422
263272955,1493,2000,18.4616
263280409,1493,2000,18.2634
263287822,1493,2000,18.3645
263295345,1493,2000,18.0959
263302717,1493,2000,18.4666
263310193,1493,2000,18.2097
263317549,1493,2000,18.5068
263324982,1493,2000,18.3150
263332351,1493,2000,18.4741
263339774,1493,2000,18.3397
263347201,1493,2000,18.3298
263354695,1493,2000,18.1660
263362081,1493,2000,18.4316
263369565,1493,2000,18.1902
263376903,1493,2000,18.5522
263384348,1493,2000,18.2855
263391710,1493,2000,18.4917
263399228,1493,2000,18.1080
263406658,1493,2000,18.3224
263414170,1493,2000,18.1224
263421556,1493,2000,18.4316
263429068,1493,2000,18.1224
263436456,1493,2000,18.4266
263443934,1493,2000,18.2048
263451333,1493,2000,18.3992
263458814,1493,2000,18.1975
263466207,1493,2000,18.4141
263473718,1493,2000,18.1248
263481163,1493,2000,18.2855
263488685,1493,2000,18.0983
263496110,1493,2000,18.3348
263503599,1493,2000,18.1781
263510994,1493,2000,18.4092
263518484,1493,2000,18.1757
263525898,1493,2000,18.3620
263533444,1493,2000,18.0408
263540925,1486,2000,18.1975
263548459,1486,2000,18.0695
263555892,1486,2000,18.3150
263563476,1486,2000,17.9504
263570923,1486,2000,18.2806
263578473,1486,2000,18.0312
263585982,1486,2000,18.1297
263593516,1486,2000,18.0695
263600959,1486,2000,18.2904
263608569,1486,2000,17.8891
263616060,1486,2000,18.1732
263623646,1486,2000,17.9456
263631107,1486,2000,18.2463
263638667,1486,2000,18.0074
263646111,1486,2000,18.2880
263653708,1486,2000,17.9197
263661207,1486,2000,18.1538
263668820,1486,2000,17.8820
263676344,1486,2000,18.0935
263683930,1486,2000,17.9456
263691416,1486,2000,18.1854
263699040,1486,2000,17.8562
263706563,1486,2000,18.0959
263714214,1486,2000,17.7932
263721753,1486,2000,18.0575
263729369,1486,2000,17.8750
263736882,1486,2000,18.1200
263744542,1486,2000,17.7723
263752085,1486,2000,18.0479
263759736,1486,2000,17.7932
263767271,1486,2000,18.0671
263774887,1486,2000,17.8750
263782411,1486,2000,18.0935
263790076,1486,2000,17.7607
263797615,1486,2000,18.0575
263805264,1486,2000,17.7978
263812798,1486,2000,18.0695
263820452,1486,2000,17.7862
263828004,1486,2000,18.0264
263835710,1486,2000,17.6662
263843307,1488,2000,17.9197
263850962,1488,2000,17.7839
263858572,1488,2000,17.8891
263866208,1488,2000,17.8281
263873825,1488,2000,17.8726
263881492,1488,2000,17.7561
263889063,1488,2000,17.9812
263896764,1488,2000,17.6777
263904358,1488,2000,17.9267
263911997,1488,2000,17.8211
263919636,1488,2000,17.8211
263927370,1488,2000,17.6022
263934988,1488,2000,17.8703
263942689,1488,2000,17.6777
263950277,1488,2000,17.9409
263957962,1488,2000,17.7145
263965531,1488,2000,17.9860
263973265,1488,2000,17.6022
263980897,1488,2000,17.8375
263988622,1488,2000,17.6227
263996229,1488,2000,17.8961
264003941,1488,2000,17.6524
264007715,1488,2000,17.6524
264011602,1488,2000,17.7700
264019365,1488,2000,17.5365
264027002,1488,2000,17.8258
264034708,1488,2000,17.6662
264042326,1488,2000,17.8703
264050042,1488,2000,17.6433
264057649,1488,2000,17.8961
264065430,1488,2000,17.4959
264073060,1488,2000,17.8422
264080794,1488,2000,17.6022
264088395,1488,2000,17.9102
264096107,1483,2000,17.6524
264103714,1483,2000,17.8961
264111457,1483,2000,17.5818
264119106,1483,2000,17.7978
264126837,1483,2000,17.6091
264134453,1483,2000,17.8750
264142125,1483,2000,17.7445
264149765,1483,2000,17.8188
264157558,1483,2000,17.4690
264165200,1483,2000,17.8141
264172942,1483,2000,17.5840
264180562,1483,2000,17.8656
264188313,1483,2000,17.5636
264195962,1483,2000,17.7978
264203728,1483,2000,17.5297
264211379,1483,2000,17.7932
264219081,1483,2000,17.6754
264226698,1483,2000,17.8726
264234436,1483,2000,17.5931
264242056,1483,2000,17.8656
264249856,1483,2000,17.4533
264257460,1483,2000,17.9032
264265228,1483,2000,17.5252
264272809,1483,2000,17.9575
264280578,1483,2000,17.5229
264288181,1483,2000,17.9055
264295920,1483,2000,17.5909
264303517,1483,2000,17.9197
264311259,1483,2000,17.5840
264318888,1483,2000,17.8445
264326664,1483,2000,17.5072
264334313,1483,2000,17.7978
264342079,1483,2000,17.5297
264349708,1483,2000,17.8445
264357431,1483,2000,17.6273
264365075,1483,2000,17.8095
264372845,1483,2000,17.5207
264380497,1483,2000,17.7909
264388234,1469,2000,17.5954
264395853,1469,1999,17.8679
264403562,1469,1999,17.6593
264411201,1469,1999,17.8211
264418978,1469,1999,17.5049
264426645,1469,1999,17.7561
264434418,1469,1999,17.5139
264442070,1469,1999,17.7909
264449778,1469,1999,17.6616
264457421,1469,1999,17.8118
264465168,1469,1999,17.5727
264472845,1469,1999,17.7329
264480544,1469,1999,17.6823
264488228,1469,1999,17.7168
264495998,1469,1999,17.5207
264503663,1469,1999,17.7607
264511473,1440,1996,17.4309
264519137,1440,1996,17.7630
264526898,1440,1996,17.5410
264534568,1440,1996,17.7491
264542317,1440,1996,17.5682
264550026,1440,1996,17.6593
264557838,1440,1996,17.4265
264565516,1417,1996,17.7306
264573321,1417,1996,17.4421
264580997,1417,1996,17.7352
264588777,1417,1996,17.4982
264596517,1417,1996,17.5886
264604353,1417,1996,17.3731
264612043,1417,1954,17.7029
264619837,1417,1954,17.4667
264627517,1417,1954,17.7260
264635309,1417,1954,17.4712
264642990,1417,1954,17.7237
264650873,1417,1954,17.2695
264658585,1417,1954,17.6524
264666402,1417,1954,17.4153
264674089,1417,1954,17.7099
264681926,1417,1954,17.3709
264689633,1417,1954,17.6639
264697498,1417,1954,17.3091
264705243,1417,1954,17.5772
264713052,1417,1954,17.4332
264720756,1417,1954,17.6708
264728614,1417,1871,17.3245
264736311,1417,1871,17.6868
264744161,1417,1871,17.3421
264751875,1417,1871,17.6479
264759820,1417,1871,17.1348
264767626,1417,1871,17.4399
264775607,1417,1871,17.0575
264783552,1417,1871,17.1348
264791561,1417,1871,16.9978
264799508,1417,1871,17.1304
264807640,1417,1871,16.7407
264815606,1417,1871,17.0896
264823778,1417,1871,16.6588
264831791,1417,1871,16.9894
264840012,1417,1796,16.5595
264848052,1417,1796,16.9323
264856331,1417,1796,16.4435
264864614,1417,1796,16.4356
264873003,1417,1796,16.2279
264881389,1417,1796,16.2337
264889986,1417,1796,15.8353
264898433,1417,1796,16.1165
264907092,1417,1796,15.7219
264915686,1417,1796,15.8408
264924493,1417,1796,15.4577
264933230,1417,1796,15.5815
264942117,1425,1746,15.3185
264950923,1425,1746,15.4594
264959930,1425,1746,15.1144
264968872,1425,1746,15.2243
264978024,1425,1746,14.8750
264987162,1425,1746,14.8978
264996507,1425,1746,14.5678
265005715,1425,1746,14.7845
265007849,1425,1746,14.7845
265015286,1433,1738,14.2238
265024710,1433,1738,14.4456
265034383,1433,1738,14.0738
265044101,1433,1738,14.0086
265053881,1433,1738,13.9198
265063677,1433,1738,13.8971
265073720,1433,1738,13.5553
265083631,1433,1738,13.7358
265093770,1433,1738,13.4269
265104104,1433,1738,13.1736
265114346,1433,1738,13.2919
265124787,1442,1738,13.0386
265135337,1442,1738,12.9039
265145938,1442,1729,12.8418
265156703,1442,1729,12.6461
265167575,1442,1729,12.5217
265178529,1442,1729,12.4279
265189453,1442,1729,12.4621
265200711,1442,1729,12.0924
265211784,1442,1729,12.2944
265223291,1442,1729,11.8307
265234690,1442,1704,11.9428
265246283,1467,1704,11.7429
265257818,1467,1704,11.8020
265269761,1467,1704,11.3988
265281588,1467,1704,11.5106
265293856,1467,1704,11.0968
265306086,1467,1704,11.1313
265318469,1467,1704,10.9938
265330872,1467,1704,10.9760
265343610,1467,1704,10.6874
265356290,1467,1704,10.7363
265369437,1467,1704,10.3549
265382482,1467,1688,10.4359
265395780,1467,1688,10.2373
265409135,1467,1688,10.1936
265422929,1467,1688,9.8692
265436645,1467,1688,9.9253
265450925,1467,1688,9.5333
265465033,1475,1671,9.6495
265479481,1475,1671,9.4225
265493958,1475,1671,9.4036
265509038,1475,1671,9.0276
265524130,1475,1671,9.0204
265539900,1475,1671,8.6326
265555508,1475,1671,8.7222
265571512,1475,1671,8.5064
265587633,1475,1663,8.4446
265604364,1475,1663,8.1367
265621144,1475,1663,8.1130
265638732,1475,1663,7.7403
265656113,1475,1663,7.8324
265674059,1475,1663,7.5859
265692229,1475,1663,7.4923
265710944,1475,1646,7.2741
265730341,1475,1646,7.0184
265749995,1475,1646,6.9266
265769981,1475,1646,6.8116
265790729,1475,1646,6.5614
265811877,1475,1646,6.4373
265834051,1475,1638,6.1394
265856995,1475,1638,5.9334
265880459,1475,1638,5.8019
265904812,1475,1638,5.5901
265929774,1475,1638,5.4537
265955952,1475,1629,5.2004
265983854,1475,1629,4.8791
266007980,1475,1629,4.8791
266013570,1475,1629,4.5812
266043915,1475,1613,4.4863
266076239,1475,1613,4.2116
266110562,1475,1613,3.9663
266148697,1475,1613,3.5698
266191128,1483,1604,3.2084
266240314,1483,1604,2.7678
266297669,1483,1596,2.3736
266368475,1483,1596,1.9227
266468759,1483,1596,1.3575
266673611,1483,1588,0.0000
267008107,1483,1596,0.0000
268008163,1492,1754,0.0000
269008206,1500,1771,0.0000
269726406,1508,1788,0.0418
269781199,1508,1788,2.4845
269820369,1508,1788,3.4755
269853538,1508,1788,4.1043
269882420,1508,1788,4.7135
269909220,1508,1788,5.0797
269934231,1508,1788,5.4430
269958444,1508,1788,5.6224
269981322,1508,1788,5.9505
270003498,1508,1788,6.1389
270008264,1508,1788,6.1389
270024377,1508,1788,6.5202
270045081,1508,1788,6.5753
270065027,1508,1788,6.8252
270085137,1508,1788,6.7696
270104339,1508,1788,7.0897
270123406,1508,1788,7.1399
270141756,1508,1788,7.4188
270160181,1508,1788,7.3886
270178227,1508,1788,7.5438
270196171,1508,1788,7.5867
270213683,1508,1788,7.7739
270231233,1508,1788,7.7570
270248257,1508,1788,7.9967
270265595,1508,1788,7.8519
270282522,1508,1788,8.0425
270299549,1508,1788,7.9953
270316170,1508,1788,8.1906
270332823,1508,1788,8.1748
270348956,1508,1788,8.4383
270365440,1508,1788,8.2587
270381891,1508,1788,8.2752
270397804,1508,1788,8.5550
270414055,1508,1788,8.3771
270429791,1508,1788,8.6512
270445954,1508,1788,8.4227
270461441,1508,1788,8.7903
270477553,1508,1788,8.4493
270493285,1508,1788,8.6534
270509364,1508,1788,8.4667
270524586,1508,1788,8.9434
270540159,1508,1788,8.7418
270555308,1508,1788,8.9864
270571117,1508,1788,8.6113
270586311,1508,1788,8.9598
270601888,1508,1788,8.7395
270616769,1508,1788,9.1483
270632189,1508,1788,8.8285
270647081,1508,1788,9.1415
270662582,1508,1788,8.7824
270677488,1508,1788,9.1329
270692908,1508,1788,8.8285
270707731,1508,1788,9.1841
270723111,1508,1788,8.8515
270737892,1508,1788,9.2102
270753196,1508,1788,8.8954
270767895,1508,1788,9.2616
270783069,1508,1788,8.9716
270797779,1508,1788,9.2546
270812875,1508,1788,9.0180
270827493,1508,1788,9.3129
270842658,1508,1788,8.9770
270857236,1508,1788,9.3384
270872203,1508,1788,9.0957
270886710,1508,1788,9.3841
270901709,1508,1788,9.0763
270916198,1508,1788,9.3958
270931206,1508,1788,9.0709
270945776,1508,1788,9.3436
270960757,1508,1788,9.0872
270975107,1508,1788,9.4868
270990155,1508,1788,9.0468
271004706,1508,1788,9.3558
271008381,1508,1788,9.3558
271019777,1508,1788,9.0330
271034250,1508,1788,9.4062
271049155,1508,1788,9.1336
271063529,1508,1788,9.4710
271078495,1508,1788,9.0963
271092975,1508,1788,9.4016
271107952,1508,1788,9.0897
271122253,1508,1788,9.5193
271136978,1508,1788,9.2452
271151337,1508,1788,9.4809
271166207,1508,1788,9.1551
271180578,1508,1788,9.4729
271195429,1508,1788,9.1668
271209670,1508,1788,9.5594
271224299,1508,1788,9.3059
271238550,1508,1788,9.5527
271253511,1508,1788,9.0994
271267842,1508,1788,9.4994
271282611,1508,1788,9.2177
271296746,1508,1788,9.6311
271311335,1508,1788,9.3314
271325572,1508,1788,9.5621
271340471,1508,1788,9.1372
271354771,1508,1788,9.5200
271369541,1508,1788,9.2170
271383641,1508,1788,9.6550
271398242,1508,1788,9.3237
271412425,1508,1788,9.5985
271427243,1508,1788,9.1872
271441499,1508,1788,9.5494
271456181,1508,1788,9.2723
271470244,1508,1788,9.6804
271484799,1508,1788,9.3532
271498958,1508,1788,9.6148
271513733,1508,1788,9.2139
271527962,1508,1788,9.5675
271542583,1508,1788,9.3110
271556546,1508,1788,9.7497
271570984,1508,1788,9.4290
271584920,1508,1788,9.7686
271599565,1508,1788,9.2957
271613833,1508,1788,9.5413
271628511,1508,1788,9.2748
271642453,1508,1788,9.7644
271656931,1508,1788,9.4029
271670750,1508,1788,9.8513
271685349,1508,1788,9.3250
271699443,1508,1788,9.6591
271714008,1508,1788,9.3468
271727956,1508,1788,9.7602
271742416,1508,1788,9.4146
271756588,1508,1788,9.6060
271771274,1508,1788,9.2698
271785342,1508,1788,9.6770
271799862,1508,1788,9.3757
271813900,1508,1788,9.6977
271828502,1508,1788,9.3231
271842607,1508,1788,9.6516
271857319,1508,1788,9.2534
271871403,1508,1788,9.6660
271885918,1508,1788,9.3790
271899946,1508,1788,9.7046
271914580,1508,1788,9.3027
271928660,1508,1788,9.6687
271943288,1508,1788,9.3065
271957328,1508,1788,9.6963
271971797,1508,1788,9.4088
271985649,1508,1788,9.8279
272000081,1508,1788,9.4329
272008495,1508,1788,9.4329
272014149,1508,1788,9.6770
272028856,1508,1788,9.2565
272042889,1508,1788,9.7011
272057393,1508,1788,9.3861
272071203,1508,1788,9.8578
272085538,1508,1788,9.4967
272099517,1508,1788,9.7386
272114028,1508,1788,9.3816
272127985,1508,1788,9.7539
272142411,1508,1788,9.4368
272156311,1508,1788,9.7939
272170804,1508,1788,9.3932
272184849,1508,1788,9.6928
272199394,1508,1788,9.3596
272213390,1508,1788,9.7268
272227885,1508,1788,9.3919
272241817,1508,1788,9.7714
272256391,1508,1788,9.3410
272270474,1508,1788,9.6667
272285035,1508,1788,9.3493
272299042,1508,1788,9.7191
272313573,1508,1788,9.3686
272327608,1508,1788,9.6997
272342245,1508,1788,9.3008
272356412,1508,1788,9.6094
272371030,1508,1788,9.3129
272385069,1508,1788,9.6970
272399574,1508,1788,9.3854
272413695,1508,1788,9.6407
272428372,1508,1788,9.2754
272442561,1508,1788,9.5945
272457226,1508,1788,9.2830
272471254,1508,1788,9.7046
272485772,1508,1788,9.3770
272499772,1508,1788,9.7240
272514425,1508,1788,9.2906
272528617,1508,1788,9.5924
272543237,1508,1788,9.3116
272557188,1508,1788,9.7581
272571625,1508,1788,9.4296
272585678,1508,1788,9.6873
272600366,1508,1788,9.2685
272614493,1508,1788,9.6366
272629093,1508,1788,9.3244
272643033,1508,1788,9.7658
272657425,1508,1788,9.4591
272671341,1508,1788,9.7827
272685884,1508,1788,9.3609
272700116,1508,1788,9.5655
272714862,1508,1788,9.2320
272728934,1508,1788,9.6742
272743470,1508,1788,9.3654
272757378,1508,1788,9.7883
272771972,1508,1788,9.3282
272786165,1508,1788,9.5917
272800853,1508,1788,9.2685
272814859,1508,1788,9.7198
272829361,1508,1788,9.3874
272843418,1508,1788,9.6845
272858248,1508,1788,9.1797
272872527,1508,1788,9.5340
272887190,1508,1788,9.2843
272901220,1508,1788,9.7032
272915836,1508,1788,9.3142
272930160,1508,1788,9.5040
272945028,1508,1788,9.1563
272959308,1508,1788,9.5333
272973995,1508,1788,9.2691
272988020,1508,1788,9.7066
273002569,1508,1788,9.3570
273008606,1508,1788,9.3570
273016728,1508,1788,9.6148
273031577,1508,1788,9.1680
273045825,1508,1788,9.5547
273060625,1508,1788,9.1984
273074643,1508,1788,9.7115
273089212,1508,1788,9.3442
273103282,1508,1788,9.6756
273117921,1508,1788,9.2995
273132113,1508,1788,9.5924
273146704,1508,1788,9.3301
273160662,1508,1788,9.7532
273175172,1508,1788,9.3822
273189235,1508,1788,9.6804
273203834,1508,1788,9.3250
273217799,1508,1788,9.7483
273232217,1508,1788,9.4421
273246264,1508,1788,9.6914
273260749,1508,1796,9.3984
273274800,1508,1796,9.6887
273289283,1508,1796,9.3997
273303188,1508,1796,9.7904
273317511,1508,1796,9.5047
273331378,1508,1796,9.8172
273345877,1508,1796,9.3893
273359823,1508,1796,9.7616
273374201,1508,1796,9.4683
273387951,1508,1796,9.9008
273402093,1508,1796,9.6263
273415905,1508,1796,9.8563
273430406,1508,1796,9.3880
273444315,1508,1796,9.7876
273458660,1508,1796,9.4901
273472383,1508,1796,9.9203
273486555,1508,1796,9.6060
273500307,1508,1796,9.8993
273514754,1508,1796,9.4231
273528600,1508,1796,9.8321
273542910,1508,1796,9.5133
273556546,1508,1796,9.9836
273570635,1508,1796,9.6626
273584224,1508,1796,10.0181
273598552,1508,1796,9.5014
273612348,1508,1796,9.8678
273626596,1508,1796,9.5547
273640220,1508,1796,9.9923
273654305,1508,1796,9.6653
273667921,1508,1796,9.9982
273682140,1508,1796,9.5742
273695803,1508,1796,9.9638
273709961,1508,1796,9.6155
273723444,1508,1796,10.0968
273737439,1508,1796,9.7275
273751003,1508,1796,10.0365
273765196,1508,1796,9.5917
273778798,1508,1796,10.0085
273792783,1508,1796,9.7344
273806153,1508,1796,10.1822
273820025,1508,1796,9.8137
273833543,1508,1796,10.0707
273847666,1508,1796,9.6393
273861231,1508,1796,10.0358
273875179,1508,1796,9.7602
273888487,1508,1796,10.2296
273902272,1508,1796,9.8756
273915644,1508,1796,10.1807
273929748,1508,1796,9.6523
273943341,1508,1796,10.0151
273957334,1508,1796,9.7288
273970714,1508,1796,10.1746
273984611,1508,1796,9.7960
273998242,1508,1796,9.9872
274008727,1508,1796,9.9872
274012306,1508,1796,9.6797
274025784,1508,1796,10.1006
274039698,1508,1796,9.7841
274052947,1508,1796,10.2752
274066872,1508,1796,9.7764
274080452,1508,1796,10.0247
274094588,1508,1796,9.6304
274108191,1508,1796,10.0078
274122136,1508,1796,9.7623
274135550,1508,1796,10.1488
274149413,1508,1796,9.8201
274162817,1508,1796,10.1563
274176832,1508,1804,9.7136
274190475,1508,1804,9.9784
274204503,1508,1804,9.7046
274217885,1508,1804,10.1730
274231746,1508,1804,9.8215
274245042,1508,1804,10.2388
274258845,1508,1804,9.8628
274272122,1508,1804,10.2535
274285889,1508,1804,9.8886
274299131,1508,1804,10.2806
274312972,1508,1804,9.8357
274326288,1508,1804,10.2235
274340042,1508,1804,9.8979
274353246,1508,1804,10.3102
274366883,1508,1804,9.9828
274380055,1508,1804,10.3352
274393755,1508,1804,9.9369
274406968,1508,1804,10.3032
274420651,1508,1804,9.9493
274433752,1508,1804,10.3912
274447378,1508,1804,9.9909
274460500,1508,1804,10.3746
274474192,1508,1804,9.9427
274487349,1508,1804,10.3470
274501014,1508,1804,9.9624
274514158,1508,1804,10.3572
274527770,1508,1804,10.0012
274540891,1508,1804,10.3754
274554654,1508,1804,9.8914
274567841,1508,1804,10.3235
274581498,1508,1804,9.9682
274594574,1508,1804,10.4111
274608170,1508,1804,10.0129
274621282,1508,1804,10.3825
274634953,1508,1804,9.9580
274648133,1508,1804,10.3290
274661770,1508,1804,9.9828
274674742,1508,1804,10.4946
274688238,1508,1804,10.0871
274701331,1508,1804,10.3976
274715000,1508,1804,9.9594
274728166,1508,1804,10.3399
274741759,1508,1804,10.0151
274754761,1508,1804,10.4704
274768162,1508,1804,10.1586
274781159,1508,1804,10.4744
274794680,1508,1804,10.0685
274807875,1508,1804,10.3172
274821563,1508,1804,9.9456
274834589,1508,1804,10.4511
274848099,1508,1804,10.0767
274861074,1508,1804,10.4922
274874591,1508,1804,10.0714
274887769,1508,1804,10.3305
274901399,1508,1804,9.9879
274914466,1508,1804,10.4183
274927971,1508,1804,10.0804
274940993,1508,1804,10.4543
274954588,1508,1804,10.0137
274967778,1508,1804,10.3211
274981467,1508,1804,9.9449
274994482,1508,1804,10.4599
275007992,1508,1804,10.0767
275008869,1508,1804,10.0767
275021156,1508,1804,10.3415
275034845,1508,1804,9.9449
275047960,1508,1804,10.3802
275061466,1508,1804,10.0796
275074396,1508,1804,10.5287
275087794,1508,1804,10.1609
275100886,1508,1804,10.3984
275114522,1508,1804,9.9836
275127664,1508,1804,10.3588
275141103,1508,1804,10.1299
275154090,1508,1804,10.4825
275167524,1508,1804,10.1337
275180538,1508,1804,10.4607
275194043,1508,1804,10.0804
275207019,1508,1804,10.4913
275220423,1508,1804,10.1563
275233275,1508,1804,10.5926
275246688,1508,1804,10.1495
275259739,1508,1804,10.4311
275273279,1508,1804,10.0543
275286198,1508,1804,10.5376
275299611,1508,1804,10.1495
275312454,1508,1804,10.6000
275325891,1508,1804,10.1314
275338881,1508,1804,10.4800
275352331,1508,1804,10.1216
275365205,1508,1804,10.5745
275378592,1508,1804,10.1692
275391487,1508,1804,10.5572
275404941,1508,1804,10.1186
275417936,1508,1804,10.4760
275431398,1508,1804,10.1126
275444360,1508,1804,10.5027
275457804,1508,1804,10.1261
275470699,1508,1804,10.5572
275484238,1508,1804,10.0551
275497250,1508,1804,10.4623
275510700,1508,1804,10.1216
275523647,1508,1804,10.5148
275537052,1508,1804,10.1556
275550031,1508,1813,10.4889
275563619,1508,1813,10.0188
275576650,1508,1813,10.4471
275590091,1508,1813,10.1284
275602940,1508,1813,10.5950
275616201,1508,1821,10.2659
275629014,1508,1821,10.6248
275642401,1508,1821,10.1692
275655242,1508,1821,10.6016
275668494,1508,1821,10.2728
275681152,1508,1821,10.7549
275694345,1508,1821,10.3188
275706992,1508,1821,10.7643
275720209,1508,1821,10.3000
275732916,1508,1821,10.7134
275746022,1508,1821,10.3873
275758567,1508,1821,10.8518
275771552,1508,1821,10.4841
275784135,1508,1821,10.8190
275797223,1508,1821,10.4016
275809749,1508,1821,10.8682
275822706,1508,1821,10.5067
275835135,1508,1821,10.9531
275848148,1508,1821,10.4615
275860578,1508,1821,10.9522
275873537,1508,1821,10.5051
275885973,1508,1821,10.9469
275898884,1508,1821,10.5442
275911202,1508,1821,11.0518
275924093,1508,1821,10.5605
275936490,1517,1838,10.9813
275949392,1517,1838,10.5515
275961723,1517,1838,11.0401
275974460,1517,1838,10.6882
275986638,1517,1838,11.1788
275999268,1517,1838,10.7788
276009005,1517,1838,10.7788
276011488,1517,1838,11.1404
276024169,1517,1838,10.7354
276036304,1517,1838,11.2184
276048745,1517,1838,10.9425
276060699,1517,1838,11.3883
276073078,1517,1838,10.9973
276085196,1517,1838,11.2342
276097729,1517,1838,10.8622
276109738,1517,1838,11.3361
276122034,1517,1838,11.0715
276133814,1517,1838,11.5565
276145995,1517,1838,11.1761
276157875,1517,1838,11.4592
276170259,1517,1838,10.9929
276182088,1517,1838,11.5086
276194277,1517,1838,11.1687
276205920,1517,1838,11.6925
276218005,1517,1838,11.2648
276229769,1517,1838,11.5722
276242001,1517,1838,11.1295
276253720,1517,1838,11.6167
276265807,1517,1838,11.2630
276277380,1517,1838,11.7632
276289439,1517,1838,11.2891
276301102,1517,1838,11.6724
276313196,1517,1838,11.2565
276324805,1517,1838,11.7267
276336792,1517,1838,11.3569
276348271,1517,1838,11.8595
276360351,1517,1838,11.2695
276371983,1517,1838,11.7035
276384068,1517,1838,11.2648
276395594,1517,1838,11.8112
276407535,1517,1838,11.4007
276419076,1517,1838,11.7958
276431215,1517,1838,11.2147
276442883,1517,1838,11.6674
276454935,1517,1838,11.2957
276466444,1517,1838,11.8286
276478398,1517,1838,11.3883
276489851,1517,1838,11.8865
276501962,1517,1838,11.2407
276513647,1517,1838,11.6505
276525762,1517,1838,11.2370
276537298,1517,1838,11.8009
276549328,1517,1838,11.3163
276560726,1517,1838,11.9438
276572765,1517,1838,11.3079
276584387,1517,1838,11.7136
276596464,1517,1838,11.2723
276607993,1517,1838,11.8081
276619909,1517,1838,11.4246
276631393,1517,1838,11.8544
276643427,1517,1838,11.3126
276655025,1517,1838,11.7379
276667037,1517,1838,11.3333
276678514,1517,1838,11.8616
276690424,1517,1838,11.4304
276701898,1517,1838,11.8647
276713887,1517,1838,11.3550
276725406,1517,1838,11.8184
276737371,1517,1838,11.3778
276748833,1517,1838,11.8771
276760802,1517,1838,11.3740
276772340,1517,1838,11.7989
276784381,1517,1838,11.3060
276795945,1517,1838,11.7724
276807935,1517,1838,11.3541
276819424,1517,1838,11.8492
276831455,1517,1838,11.3154
276842986,1517,1838,11.8061
276854979,1517,1838,11.3513
276866545,1517,1838,11.7703
276878493,1517,1838,11.3940
276889933,1517,1838,11.9000
276901862,1517,1838,11.4122
276913386,1517,1838,11.8132
276925415,1517,1838,11.3173
276936979,1517,1838,11.7724
276948899,1517,1838,11.4208
276960285,1517,1838,11.9564
276972147,1517,1838,11.4766
276983644,1517,1838,11.8410
276995634,1517,1838,11.3541
277007147,1517,1838,11.8245
277009143,1517,1838,11.8245
277019052,1517,1838,11.4352
277030403,1517,1838,11.9933
277042300,1517,1838,11.4429
277053886,1517,1838,11.7500
277065928,1517,1838,11.3051
277077444,1517,1838,11.8214
277089428,1517,1838,11.3598
277100805,1517,1838,11.9659
277112667,1517,1838,11.4766
277124115,1517,1838,11.8917
277136113,1517,1838,11.3465
277147693,1517,1838,11.7561
277159828,1517,1838,11.2184
277171265,1517,1838,11.9031
277183274,1517,1838,11.3361
277194784,1517,1838,11.8276
277206783,1517,1838,11.3456
277218326,1517,1846,11.7938
277230330,1517,1846,11.3409
277241764,1517,1846,11.9062
277253794,1517,1846,11.3163
277265328,1517,1846,11.8030
277277307,1517,1846,11.3645
277288785,1517,1846,11.8606
277300659,1517,1846,11.4650
277312084,1517,1846,11.9156
277324056,1517,1846,11.3712
277335590,1517,1846,11.8030
277347510,1517,1846,11.4208
277358934,1517,1846,11.9166
277370739,1517,1846,11.5320
277382058,1517,1846,12.0272
277393924,1517,1846,11.4728
277405395,1517,1846,11.8678
277417312,1517,1846,11.4237
277428654,1517,1846,12.0028
277440514,1517,1846,11.4786
277451888,1517,1846,11.9690
277463899,1517,1846,11.3343
277475344,1517,1846,11.8948
277487194,1517,1846,11.4882
277498494,1517,1846,12.0474
277510259,1517,1846,11.5712
277521661,1517,1846,11.9396
277533582,1517,1846,11.4198
277545019,1517,1846,11.9031
277556837,1517,1846,11.5194
277568112,1517,1846,12.0741
277579835,1517,1846,11.6127
277591089,1517,1846,12.0966
277602853,1517,1846,11.5722
277614234,1517,1846,11.9617
277626134,1517,1846,11.4400
277637456,1517,1846,12.0240
277649195,1517,1846,11.5969
277660438,1517,1846,12.1085
277672130,1517,1846,11.6435
277683295,1517,1846,12.1931
277694936,1517,1846,11.6945
277706028,1517,1846,12.2733
277717717,1517,1846,11.6465
277728928,1517,1846,12.1430
277740632,1517,1846,11.6316
277751878,1517,1846,12.1053
277763504,1517,1846,11.7096
277774608,1517,1846,12.2601
277786247,1517,1846,11.6965
277797496,1517,1846,12.1020
277809218,1517,1846,11.6137
277820445,1517,1846,12.1257
277832097,1517,1846,11.6835
277843247,1517,1846,12.2095
277854977,1517,1846,11.6058
277866225,1517,1846,12.1031
277877962,1517,1846,11.5988
277889195,1517,1846,12.1193
277900810,1517,1846,11.7207
277911995,1517,1846,12.1713
277923711,1517,1846,11.6196
277935015,1517,1846,12.0431
277946737,1517,1846,11.6137
277958019,1517,1846,12.0666
277969642,1517,1846,11.7126
277980781,1517,1846,12.2215
277992361,1517,1846,11.7561
278003567,1517,1846,12.1485
278009282,1517,1846,12.1485
278015270,1517,1846,11.6325
278026551,1517,1846,12.0677
278038271,1517,1846,11.6157
278049381,1517,1846,12.2534
278061061,1517,1846,11.6555
278072226,1517,1846,12.1931
278083857,1517,1846,11.7046
278094999,1517,1846,12.2182
278106690,1517,1846,11.6445
278117765,1517,1846,12.2922
278129379,1517,1846,11.7217
278140620,1517,1846,12.1106
278152321,1517,1846,11.6345
278163505,1517,1846,12.1724
278175202,1517,1846,11.6385
278186410,1517,1846,12.1463
278198161,1517,1846,11.5850
278209506,1517,1846,11.9996
278221278,1517,1846,11.5644
278232511,1517,1846,12.1193
278244277,1517,1846,11.5703
278255542,1517,1846,12.0848
278267388,1517,1846,11.4921
278278760,1517,1846,11.9711
278290550,1517,1846,11.5467
278301811,1517,1846,12.0891
278313510,1517,1846,11.6365
278324790,1517,1846,12.0688
278336596,1517,1846,11.5311
278347973,1517,1846,11.9659
278359769,1517,1846,11.5408
278370986,1517,1846,12.1365
278382704,1517,1846,11.6177
278393983,1517,1846,12.0698
278405852,1517,1846,11.4699
278417248,1517,1846,11.9459
278429057,1517,1846,11.5281
278440339,1517,1846,12.0666
278451980,1517,1846,11.6945
278463257,1517,1846,12.0720
278474996,1517,1829,11.5969
278486352,1517,1829,11.9880
278498188,1517,1829,11.5018
278509544,1517,1829,11.9880
278521329,1517,1829,11.5516
278532689,1517,1829,11.9838
278544626,1517,1829,11.4045
278556146,1517,1829,11.8173
278568135,1517,1829,11.3550
278579579,1517,1829,11.8958
278591532,1517,1804,11.3892
278603182,1517,1804,11.6855
278615304,1517,1804,11.2305
278627059,1517,1804,11.5811
278639297,1517,1804,11.1240
278651087,1517,1804,11.5467
278663423,1517,1804,11.0356
278675345,1517,1804,11.4189
278687852,1517,1771,10.8848
278699852,1517,1771,11.3446
278712534,1517,1771,10.7346
278724731,1517,1771,11.1614
278737574,1517,1771,10.6000
278750184,1517,1771,10.7959
278763390,1517,1771,10.3086
278776120,1517,1771,10.6941
278789447,1517,1763,10.2150
278802347,1517,1763,10.5532
278815733,1517,1763,10.1700
278828853,1517,1763,10.3762
278842582,1517,1763,9.9159
278855867,1517,1763,10.2473
278869848,1517,1763,9.7372
278883313,1517,1763,10.1103
278897468,1517,1763,9.6175
278911372,1517,1763,9.7911
278925892,1517,1754,9.3757
278939955,1517,1754,9.6804
278954686,1517,1754,9.2414
278968833,1517,1754,9.6229
278983679,1517,1754,9.1699
278998344,1517,1754,9.2830
279009422,1517,1754,9.2830
279013546,1517,1754,8.9551
279028213,1517,1754,9.2818
279043652,1517,1754,8.8176
279058495,1517,1754,9.1717
279074085,1517,1746,8.7322
279089371,1517,1746,8.9059
279105380,1517,1746,8.5037
279120909,1517,1746,8.7665
279137111,1517,1746,8.4024
279152891,1517,1746,8.6271
279169521,1517,1746,8.1862
279185860,1517,1746,8.3319
279202739,1517,1746,8.0654
279219085,1517,1746,8.3284
279236075,1517,1746,8.0127
279252685,1517,1746,8.1960
279270216,1517,1746,7.7654
279287396,1517,1746,7.9241
279305300,1517,1746,7.6036
279322712,1517,1746,7.8185
279340794,1517,1746,7.5288
279358297,1517,1746,7.7778
279376907,1517,1746,7.3152
279395078,1517,1746,7.4919
279413998,1517,1746,7.1953
279432327,1517,1746,7.4273
279451171,1517,1746,7.2244
279469677,1517,1746,7.3563
279489030,1517,1746,7.0343
279507926,1517,1746,7.2045
279527460,1517,1746,6.9692
279546406,1517,1746,7.1855
279565786,1517,1746,7.0245
279584800,1517,1746,7.1598
279604899,1517,1746,6.7733
279624757,1508,1738,6.8555
279645000,1508,1738,6.7251
279665121,1508,1738,6.7659
279685344,1508,1738,6.7317
279705742,1508,1738,6.6740
279727072,1508,1738,6.3824
279748000,1508,1738,6.5050
279769335,1508,1738,6.3809
279790359,1508,1738,6.4753
279811443,1508,1738,6.4568
279832958,1508,1738,6.3275
279854443,1508,1738,6.3363
279876095,1508,1738,6.2874
279897508,1508,1738,6.3576
279919086,1508,1738,6.3090
279940371,1508,1738,6.3959
279962270,1500,1729,6.2165
279984178,1500,1729,6.2140
280006338,1500,1729,6.1433
280009551,1500,1729,6.1433
280028566,1500,1729,6.1245
280050228,1500,1729,6.2845
280072471,1500,1729,6.1204
280094794,1500,1729,6.0984
280117455,1500,1729,6.0075
280139965,1500,1729,6.0478
280162389,1500,1729,6.0710
280184565,1500,1729,6.1389
280207107,1500,1729,6.0392
280230132,1500,1729,5.9125
280253046,1500,1729,5.9412
280276114,1500,1729,5.9015
280298802,1500,1729,6.0003
280321554,1500,1729,5.9835
280344474,1500,1729,5.9396
280367892,1500,1729,5.8133
280391070,1500,1729,5.8735
280414388,1500,1729,5.8382
280437158,1500,1721,5.9787
280460322,1500,1721,5.8770
280483922,1500,1721,5.7685
280508063,1500,1721,5.6392
280532561,1500,1721,5.5570
280556676,1500,1721,5.6453
280580784,1500,1721,5.6469
280604490,1500,1721,5.7427
280629015,1492,1721,5.5509
280654187,1492,1721,5.4082
280679877,1492,1721,5.2992
280705009,1492,1721,5.4168
280729800,1492,1721,5.4913
280754751,1492,1721,5.4561
280780312,1492,1721,5.3259
280806416,1492,1721,5.2151
280832477,1492,1721,5.2237
280858393,1492,1721,5.2530
280884093,1492,1721,5.2971
280910051,1492,1721,5.2445
280936723,1483,1721,5.1041
280963344,1483,1721,5.1138
280989847,1483,1721,5.1366
281009697,1483,1721,5.1366
281015906,1483,1721,5.2241
281041921,1483,1721,5.2330
281068427,1483,1721,5.1360
281095469,1483,1721,5.0342
281122330,1483,1721,5.0682
281148943,1483,1721,5.1154
281175458,1483,1721,5.1343
281201884,1483,1721,5.1516
281228533,1483,1721,5.1085
281256086,1483,1721,4.9409
281283457,1483,1721,4.9737
281310741,1483,1721,4.9896
281337976,1483,1721,4.9986
281364896,1483,1721,5.0570
281392229,1483,1713,4.9806
281420510,1483,1713,4.8137
281448742,1483,1713,4.8220
281476896,1483,1713,4.8354
281504569,1483,1696,4.9194
281532891,1483,1696,4.8067
281562359,1483,1696,4.6198
281593907,1483,1696,4.3152
281625309,1483,1679,4.3353
281656645,1483,1679,4.3444
281687691,1483,1679,4.3850
281718884,1475,1679,4.3643
281753428,1475,1596,3.9409
281792947,1475,1596,3.4448
281838822,1475,1596,2.9675
281888904,1467,1546,2.7183
281892620,1467,1546,36.6350
281970802,1467,1538,1.7413
282009821,1467,1538,1.7413
282177840,1467,1521,0.0000
283009992,1458,1388,0.0000
