Timestamp_ms,Voltage_mV,Current_mA,Power_mW
7,288.75,0.00,0.00
108,471.25,1.25,0.00
209,50.00,-1.25,0.00
310,0.00,-1.25,0.00
411,0.00,-1.25,0.00
512,0.00,0.00,0.00
613,0.00,-1.25,0.00
714,0.00,-1.25,0.00
815,0.00,-1.25,0.00
916,0.00,-1.25,0.00
1017,0.00,-1.25,0.00
1118,0.00,0.00,0.00
1219,0.00,0.00,0.00
1320,0.00,0.00,0.00
1421,115.00,2.50,0.00
1522,561.25,0.00,0.00
1623,815.00,1.25,0.00
1724,755.00,-1.25,0.00
1825,791.25,0.00,0.00
1926,1812.50,-145.00,260.00
2027,1403.75,-137.50,190.00
2128,1573.75,-141.25,120.00
2229,1081.25,-137.50,80.00
2330,617.50,-140.00,90.00
2431,566.25,-140.00,80.00
2532,531.25,-136.25,90.00
2633,603.75,-143.75,100.00
2734,1483.75,-9898.75,13990.00
2835,1226.25,-7668.75,9410.00
2936,1258.75,-6097.50,8050.00
3037,1326.25,-5077.50,6910.00
3138,1355.00,-4575.00,5530.00
3239,1370.00,-4228.75,5800.00
3340,1905.00,-3691.25,7030.00
3441,1650.00,-4025.00,9320.00
3542,2151.25,-3621.25,6980.00
3643,2442.50,-3261.25,8600.00
3744,2427.50,-3268.75,7940.00
3845,2397.50,-3013.75,6080.00
3946,1786.25,-1.25,0.00
4047,282.50,-1.25,0.00
4148,0.00,-1.25,0.00
4249,0.00,-1.25,0.00
4350,0.00,0.00,0.00
4451,0.00,-1.25,0.00
4552,0.00,-1.25,0.00
4653,0.00,0.00,0.00
4754,0.00,0.00,0.00
4855,0.00,0.00,0.00
4956,0.00,0.00,0.00
5057,1206.25,-8403.75,10640.00
5158,1318.75,-6880.00,12330.00
5259,1535.00,-4958.75,8170.00
5360,620.00,0.00,0.00
5461,411.25,0.00,0.00
5562,736.25,-2.50,0.00
5663,785.00,1.25,0.00
5764,605.00,-1.25,0.00
5865,738.75,0.00,0.00
5966,2223.75,-7066.25,10470.00
6067,1648.75,-5535.00,9630.00
6168,0.00,0.00,0.00
6269,0.00,-1.25,0.00
6370,0.00,-1.25,0.00
6471,0.00,0.00,0.00
6572,0.00,0.00,0.00
6673,0.00,0.00,0.00
6774,0.00,0.00,0.00
6875,0.00,1.25,0.00
6976,0.00,0.00,0.00
7077,2.50,0.00,0.00
7178,0.00,-1.25,0.00
7279,198.75,0.00,0.00
7380,613.75,-1.25,0.00
7481,2496.25,-8380.00,20920.00
7582,2323.75,-6436.25,16470.00
7683,2482.50,-4681.25,10270.00
7784,2293.75,-4338.75,10000.00
7885,1865.00,-3876.25,7230.00
7986,2028.75,-3701.25,4720.00
8087,1488.75,-3516.25,3600.00
8188,1068.75,-3220.00,3330.00
8289,1116.25,-3106.25,3470.00
8390,1030.00,-3211.25,3700.00
8491,1098.75,-3007.50,3690.00
8592,1191.25,-3037.50,3280.00
8693,1287.50,-4660.00,6000.00
8794,1255.00,-4236.25,5480.00
8895,0.00,-6108.75,180.00
8996,0.00,-5428.75,220.00
9097,0.00,-4916.25,40.00
9198,0.00,-4346.25,2250.00
9299,1162.50,0.00,0.00
9400,1185.00,-1.25,0.00
9501,1160.00,-2.50,0.00
9602,1081.25,0.00,0.00
9703,983.75,-1.25,0.00
9804,640.00,-1.25,0.00
9905,67.50,0.00,0.00
10006,0.00,0.00,0.00
10107,0.00,-1.25,0.00
10208,0.00,-2.50,0.00
10309,0.00,-1.25,0.00
10410,0.00,-1.25,0.00
10511,0.00,-1.25,0.00
10612,0.00,0.00,0.00
10713,0.00,0.00,0.00
10814,0.00,1.25,0.00
10915,0.00,-1.25,0.00
11016,0.00,-2.50,0.00
11117,50.00,0.00,0.00
11218,433.75,-2.50,0.00
11319,307.50,0.00,0.00
11420,601.25,1.25,0.00
11521,707.50,0.00,0.00
11622,580.00,-2.50,0.00
11723,682.50,0.00,0.00
11824,2721.25,0.00,0.00
11925,1961.25,0.00,0.00
12026,1427.50,-1.25,0.00
12127,1485.00,0.00,0.00
12228,1278.75,1.25,0.00
12329,1285.00,0.00,0.00
12430,1310.00,0.00,0.00
12531,1297.50,-1.25,0.00
12632,1317.50,0.00,0.00
12733,1342.50,-1.25,0.00
12834,1366.25,0.00,0.00
12935,1355.00,0.00,0.00
13036,1378.75,-1.25,0.00
13137,1591.25,0.00,0.00
13238,2135.00,-1.25,0.00
13339,2557.50,0.00,0.00
13440,2402.50,1.25,0.00
13541,2666.25,-2.50,0.00
13642,866.25,-1.25,0.00
13743,311.25,-1.25,0.00
13844,340.00,0.00,0.00
13945,0.00,0.00,0.00
14046,0.00,-1.25,0.00
14147,0.00,-1.25,0.00
14248,0.00,-1.25,0.00
14349,0.00,0.00,0.00
14450,0.00,-1.25,0.00
14551,0.00,1.25,0.00
14652,0.00,-1.25,0.00
14753,0.00,0.00,0.00
14854,0.00,1.25,0.00
14955,0.00,0.00,0.00
15056,0.00,0.00,0.00
15157,207.50,-2.50,0.00
15258,1782.50,-467.50,820.00
15359,2215.00,-1993.75,4420.00
15460,2195.00,-1941.25,4220.00
15561,2227.50,-2121.25,3750.00
15662,1988.75,-3217.50,6350.00
15763,1536.25,-3346.25,5150.00
15864,1763.75,-4397.50,4480.00
15965,1165.00,-3717.50,3240.00
16066,866.25,-3762.50,3100.00
16167,981.25,-3467.50,3400.00
16268,1103.75,-3530.00,3890.00
16369,1033.75,-3213.75,3670.00
16470,1152.50,-3248.75,3440.00
16571,1156.25,-3186.25,3140.00
16672,1198.75,-2840.00,3400.00
16773,1187.50,-2513.75,3170.00
16874,1178.75,-2648.75,3510.00
16975,1393.75,-2623.75,3760.00
17076,1888.75,-2518.75,4760.00
17177,1750.00,-2625.00,5990.00
17278,2152.50,-2531.25,5750.00
17379,2266.25,-2753.75,6260.00
17480,2085.00,-2615.00,5450.00
17581,2168.75,-2630.00,4170.00
17682,1777.50,-2615.00,2710.00
17783,1248.75,-2363.75,3080.00
17884,905.00,-2640.00,2390.00
17985,970.00,-2637.50,2410.00
18086,858.75,-2661.25,2550.00
18187,991.25,-2701.25,2830.00
18288,1037.50,-2662.50,2760.00
18389,1015.00,-2771.25,2970.00
18490,1090.00,-2507.50,2980.00
18591,1132.50,-2696.25,3110.00
18692,1163.75,-2548.75,2970.00
18793,1140.00,-2533.75,3320.00
18894,1183.75,-2557.50,4530.00
18995,1670.00,-2647.50,4470.00
19096,2052.50,-2670.00,5480.00
19197,1942.50,-2725.00,6220.00
19298,2266.25,-2748.75,6090.00
19399,2238.75,-2761.25,6070.00
19500,1907.50,-2942.50,5620.00
19601,2153.75,-2728.75,3850.00
19702,1643.75,-2827.50,2750.00
19803,1085.00,-2866.25,3330.00
19904,877.50,-2995.00,2620.00
20005,1011.25,-3037.50,3070.00
20106,955.00,-3030.00,3200.00
20207,1038.75,-2985.00,3150.00
20308,1128.75,-3067.50,3600.00
20409,1166.25,-3060.00,3570.00
20510,1201.25,-3670.00,4510.00
20611,1232.50,-3566.25,4750.00
20712,1252.50,-3591.25,4480.00
20813,1636.25,-3407.50,5580.00
20914,1410.00,-3403.75,7160.00
21015,1926.25,-3670.00,8730.00
21116,2290.00,-3880.00,8970.00
21217,2308.75,-3543.75,8180.00
21318,2367.50,-4077.50,8310.00
21419,2233.75,-3568.75,5450.00
21520,1740.00,-3790.00,6980.00
21621,1188.75,-3612.50,4290.00
21722,1413.75,-3823.75,3490.00
21823,948.75,-3351.25,3370.00
21924,956.25,-3452.50,3430.00
22025,1035.00,-3421.25,3550.00
22126,1048.75,-4340.00,4700.00
22227,1030.00,-4475.00,5110.00
22328,0.00,-4225.00,200.00
22429,0.00,-4230.00,320.00
22530,0.00,-4047.50,350.00
22631,0.00,-3906.25,1250.00
22732,12.50,-4032.50,50.00
22833,611.25,-4037.50,2470.00
22934,440.00,-3901.25,4190.00
23035,942.50,-3856.25,4770.00
23136,1153.75,-3671.25,4210.00
23237,1157.50,-3743.75,4340.00
23338,747.50,-3785.00,2830.00
23439,938.75,-3925.00,790.00
23540,435.00,-3735.00,1650.00
23641,0.00,-3638.75,420.00
23742,0.00,-3785.00,630.00
23843,0.00,-3817.50,610.00
23944,0.00,-3753.75,490.00
24045,0.00,-3938.75,510.00
24146,0.00,-3895.00,470.00
24247,0.00,-3461.25,240.00
24348,0.00,-3961.25,130.00
24449,0.00,-3881.25,80.00
24550,36.25,-3757.50,140.00
24651,0.00,-3848.75,2520.00
24752,411.25,-3521.25,3900.00
24853,951.25,-3878.75,3690.00
24954,1225.00,-3851.25,4720.00
25055,1130.00,-3765.00,4350.00
25156,1242.50,-3668.75,2740.00
25257,901.25,-3588.75,3430.00
25358,383.75,-3887.50,1500.00
25459,587.50,-3760.00,470.00
25560,65.00,-3903.75,630.00
25661,0.00,-3438.75,690.00
25762,0.00,-3551.25,470.00
25863,0.00,-3645.00,410.00
25964,0.00,-3706.25,520.00
26065,0.00,-3837.50,520.00
26166,0.00,-3872.50,450.00
26267,0.00,-3916.25,190.00
26368,0.00,-3493.75,470.00
26469,0.00,-3888.75,80.00
26570,535.00,-3867.50,2070.00
26671,235.00,-3691.25,3430.00
26772,811.25,-3917.50,4740.00
26873,1180.00,-3725.00,4580.00
26974,1222.50,-3727.50,4560.00
27075,1472.50,0.00,0.00
27176,1587.50,0.00,0.00
27277,633.75,0.00,0.00
27378,126.25,-1.25,0.00
27479,0.00,-1.25,0.00
27580,0.00,0.00,0.00
27681,0.00,0.00,0.00
27782,0.00,-1.25,0.00
27883,0.00,0.00,0.00
27984,0.00,0.00,0.00
28085,0.00,0.00,0.00
28186,0.00,0.00,0.00
28287,12.50,0.00,0.00
28388,0.00,1.25,0.00
28489,257.50,1.25,0.00
28590,582.50,-1.25,0.00
28691,708.75,-2.50,0.00
28792,711.25,1.25,0.00
28893,650.00,-1.25,0.00
28994,346.25,-1.25,0.00
29095,0.00,0.00,0.00
29196,110.00,-2.50,0.00
29297,0.00,-1.25,0.00
29398,0.00,0.00,0.00
29499,0.00,-1.25,0.00
29600,0.00,0.00,0.00
29701,0.00,0.00,0.00
29802,0.00,0.00,0.00
29903,0.00,0.00,0.00
30004,0.00,1.25,0.00
30105,0.00,0.00,0.00
30206,0.00,0.00,0.00
30307,327.50,-1.25,0.00
30408,630.00,-1.25,0.00
30509,521.25,0.00,0.00
30610,711.25,0.00,0.00
30711,633.75,-1.25,0.00
30812,312.50,0.00,0.00
30913,432.50,-1.25,0.00
31014,20.00,-2.50,0.00
31115,0.00,0.00,0.00
31216,0.00,0.00,0.00
31317,0.00,0.00,0.00
31418,0.00,-1.25,0.00
31519,0.00,0.00,0.00
31620,0.00,0.00,0.00
31721,0.00,-1.25,0.00
31822,0.00,0.00,0.00
31923,0.00,0.00,0.00
32024,0.00,0.00,0.00
32125,0.00,0.00,0.00
32226,198.75,-1.25,0.00
32327,613.75,0.00,0.00
32428,802.50,0.00,0.00
32529,743.75,-2.50,0.00
32630,771.25,1.25,0.00
32731,513.75,-1.25,0.00
32832,83.75,0.00,0.00
32933,270.00,1.25,0.00
33034,0.00,-1.25,0.00
33135,0.00,-1.25,0.00
33236,0.00,0.00,0.00
33337,0.00,0.00,0.00
33438,0.00,-1.25,0.00
33539,0.00,0.00,0.00
33640,0.00,0.00,0.00
33741,0.00,-1.25,0.00
33842,0.00,0.00,0.00
33943,0.00,1.25,0.00
34044,105.00,1.25,0.00
34145,551.25,0.00,0.00
34246,398.75,-1.25,0.00
34347,726.25,-2.50,0.00
34448,818.75,-1.25,0.00
34549,622.50,1.25,0.00
34650,703.75,0.00,0.00
34751,353.75,1.25,0.00
34852,0.00,-1.25,0.00
34953,0.00,0.00,0.00
35054,0.00,-1.25,0.00
35155,0.00,0.00,0.00
35256,0.00,-1.25,0.00
35357,0.00,0.00,0.00
35458,0.00,-1.25,0.00
35559,0.00,-2.50,0.00
35660,0.00,0.00,0.00
35761,0.00,0.00,0.00
35862,0.00,0.00,0.00
35963,0.00,-1.25,0.00
36064,206.25,1.25,0.00
36165,572.50,-1.25,0.00
36266,488.75,1.25,0.00
36367,767.50,-2.50,0.00
36468,778.75,1.25,0.00
36569,562.50,-2.50,0.00
36670,651.25,1.25,0.00
36771,281.25,0.00,0.00
36872,0.00,-1.25,0.00
36973,0.00,0.00,0.00
37074,0.00,-1.25,0.00
37175,0.00,1.25,0.00
37276,0.00,0.00,0.00
37377,0.00,-1.25,0.00
37478,0.00,0.00,0.00
37579,0.00,-1.25,0.00
37680,0.00,1.25,0.00
37781,7.50,0.00,0.00
37882,20.00,-1.25,0.00
37983,0.00,1.25,0.00
38084,175.00,0.00,0.00
38185,598.75,0.00,0.00
38286,831.25,-1.25,0.00
38387,750.00,0.00,0.00
38488,816.25,0.00,0.00
38589,617.50,-1.25,0.00
38690,192.50,0.00,0.00
38791,361.25,1.25,0.00
38892,0.00,-1.25,0.00
38993,0.00,0.00,0.00
39094,0.00,1.25,0.00
39195,0.00,0.00,0.00
39296,0.00,-2.50,0.00
39397,0.00,-1.25,0.00
39498,0.00,-1.25,0.00
39599,0.00,0.00,0.00
39700,0.00,0.00,0.00
39801,0.00,-1.25,0.00
39902,0.00,0.00,0.00
40003,18.75,-1.25,0.00
40104,86.25,0.00,0.00
40205,548.75,-1.25,0.00
40306,803.75,0.00,0.00
40407,798.75,0.00,0.00
40508,841.25,0.00,0.00
40609,707.50,0.00,0.00
40710,301.25,0.00,0.00
40811,0.00,0.00,0.00
40912,95.00,-1.25,0.00
41013,0.00,0.00,0.00
41114,0.00,-1.25,0.00
41215,0.00,-1.25,0.00
41316,0.00,0.00,0.00
41417,0.00,0.00,0.00
41518,0.00,0.00,0.00
41619,2.50,0.00,0.00
41720,16.25,-1.25,0.00
41821,11.25,-2.50,0.00
41922,7.50,-1.25,0.00
42023,127.50,0.00,0.00
42124,7.50,-1.25,0.00
42225,403.75,1.25,0.00
42326,713.75,-1.25,0.00
42427,825.00,-1.25,0.00
42528,815.00,0.00,0.00
42629,770.00,0.00,0.00
42730,461.25,0.00,0.00
42831,57.50,-1.25,0.00
42932,235.00,-1.25,0.00
43033,0.00,-1.25,0.00
43134,0.00,0.00,0.00
43235,0.00,0.00,0.00
43336,0.00,0.00,0.00
43437,0.00,0.00,0.00
43538,0.00,-1.25,0.00
43639,0.00,0.00,0.00
43740,0.00,-1.25,0.00
43841,0.00,0.00,0.00
43942,0.00,-1.25,0.00
44043,0.00,0.00,0.00
44144,407.50,-1.25,0.00
44245,182.50,0.00,0.00
44346,591.25,0.00,0.00
44447,735.00,0.00,0.00
44548,2835.00,0.00,0.00
44649,2642.50,1.25,0.00
44750,2608.75,1.25,0.00
44851,2258.75,-1.25,0.00
44952,1711.25,1.25,0.00
45053,1977.50,-1.25,0.00
45154,780.00,-888.75,650.00
45255,768.75,-1070.00,810.00
45356,940.00,-3443.75,3240.00
45457,918.75,-3626.25,3690.00
45558,1016.25,-4282.50,4710.00
45659,1143.75,-5191.25,6430.00
45760,1170.00,-6528.75,7640.00
45861,1271.25,-7170.00,9130.00
45962,1222.50,-6141.25,8410.00
46063,1272.50,-5145.00,6810.00
46164,1500.00,-4676.25,7010.00
46265,1311.25,-4397.50,8730.00
46366,1801.25,-4063.75,9380.00
46467,2225.00,-3870.00,8850.00
46568,2335.00,-3973.75,9280.00
46669,2342.50,-3570.00,7780.00
46770,2305.00,-4161.25,7190.00
46871,1953.75,-3992.50,8080.00
46972,1455.00,-4062.50,5910.00
47073,1022.50,-4418.75,4520.00
47174,195.00,-5337.50,990.00
47275,0.00,-4540.00,720.00
47376,0.00,-4516.25,420.00
47477,0.00,-4093.75,670.00
47578,0.00,-3911.25,380.00
47679,0.00,-3883.75,540.00
47780,0.00,-4162.50,370.00
47881,0.00,-3870.00,290.00
47982,0.00,-3686.25,200.00
48083,0.00,-4091.25,1000.00
48184,72.50,-3747.50,280.00
48285,566.25,-3462.50,1960.00
48386,380.00,-3720.00,3980.00
48487,857.50,-3867.50,4800.00
48588,1095.00,-3486.25,3970.00
48689,1195.00,-3788.75,4530.00
48790,1228.75,-3567.50,2980.00
48891,957.50,-3558.75,1140.00
48992,603.75,-3702.50,2330.00
49093,90.00,-3615.00,320.00
49194,352.50,-3842.50,610.00
49295,0.00,-3518.75,510.00
49396,0.00,-3775.00,680.00
49497,0.00,-3883.75,640.00
49598,0.00,-3825.00,440.00
49699,0.00,-3816.25,450.00
49800,0.00,-3677.50,360.00
49901,0.00,-3693.75,190.00
50002,0.00,-3817.50,280.00
50103,0.00,-3795.00,310.00
50204,0.00,-3827.50,240.00
50305,422.50,-3731.25,1570.00
50406,175.00,-3566.25,3320.00
50507,696.25,-3610.00,4250.00
50608,1128.75,-3622.50,4100.00
50709,1170.00,-3876.25,4530.00
50810,957.50,-3856.25,3690.00
50911,1148.75,-3706.25,2050.00
51012,756.25,-3735.00,2870.00
51113,262.50,-3662.50,960.00
51214,0.00,-3591.25,600.00
51315,0.00,-3827.50,730.00
51416,0.00,-3528.75,610.00
51517,0.00,-3686.25,520.00
51618,0.00,-3751.25,470.00
51719,0.00,-3558.75,310.00
51820,0.00,-3740.00,420.00
51921,0.00,-3592.50,350.00
52022,0.00,-3750.00,370.00
52123,0.00,-3705.00,90.00
52224,0.00,-3926.25,1690.00
52325,138.75,-3948.75,540.00
52426,730.00,-3752.50,2740.00
52527,476.25,-3991.25,4310.00
52628,931.25,-3608.75,4350.00
52729,1208.75,-3481.25,4510.00
52830,1163.75,-3743.75,4350.00
52931,1178.75,-3660.00,2760.00
53032,970.00,-3796.25,1100.00
53133,563.75,-3651.25,1980.00
53234,0.00,-3611.25,10.00
53335,273.75,-3483.75,580.00
53436,0.00,-3425.00,490.00
53537,0.00,-3646.25,690.00
53638,0.00,-3526.25,370.00
53739,0.00,-3632.50,440.00
53840,0.00,-3741.25,490.00
53941,0.00,-3765.00,470.00
54042,0.00,-3522.50,290.00
54143,0.00,-3383.75,220.00
54244,0.00,-3765.00,230.00
54345,0.00,-3641.25,120.00
54446,328.75,-3506.25,1150.00
54547,820.00,-3737.50,3060.00
54648,600.00,-3223.75,3660.00
54749,1058.75,-3550.00,3890.00
54850,1233.75,-3833.75,4340.00
54951,1091.25,-3877.50,4240.00
55052,1183.75,-3873.75,2750.00
55153,930.00,-7.50,10.00
55254,3517.50,9287.50,33680.00
55355,1472.50,5008.75,7370.00
55456,1663.75,2822.50,3600.00
55557,1273.75,1255.00,1600.00
55658,1263.75,436.25,670.00
55759,1291.25,-13.75,10.00
55860,1272.50,-1.25,0.00
55961,1296.25,1.25,0.00
56062,1328.75,1.25,0.00
56163,1361.25,-1.25,0.00
56264,1331.25,0.00,0.00
56365,1373.75,0.00,0.00
56466,1335.00,1.25,0.00
56567,1730.00,1.25,0.00
56668,1441.25,0.00,0.00
56769,1968.75,0.00,0.00
56870,2398.75,0.00,0.00
56971,2636.25,-3.75,10.00
57072,2560.00,0.00,0.00
57173,2667.50,0.00,0.00
57274,2427.50,1.25,0.00
57375,2037.50,0.00,0.00
57476,2102.50,0.00,0.00
57577,951.25,-2843.75,1690.00
57678,1010.00,-9388.75,9600.00
57779,172.50,-9930.00,1720.00
57880,0.00,-8105.00,830.00
57981,0.00,-6610.00,520.00
58082,0.00,-5786.25,730.00
58183,0.00,-5196.25,380.00
58284,1105.00,-4002.50,4430.00
58385,1102.50,-3292.50,3800.00
58486,1141.25,-4202.50,4920.00
58587,891.25,-1842.50,1780.00
58688,1081.25,-1101.25,1190.00
58789,860.00,-865.00,1330.00
58890,1288.75,-500.00,730.00
58991,1675.00,-398.75,720.00
59092,1962.50,-302.50,590.00
59193,1883.75,-335.00,650.00
59294,1923.75,-172.50,270.00
59395,1792.50,-197.50,350.00
59496,1423.75,-206.25,290.00
59597,1860.00,-2718.75,3060.00
59698,1543.75,-5441.25,5500.00
59799,1043.75,-5517.50,5720.00
59900,921.25,-5991.25,5520.00
60001,940.00,-6331.25,6210.00
60102,0.00,-6486.25,280.00
60203,0.00,-5471.25,780.00
60304,0.00,-4906.25,510.00
60405,0.00,-4583.75,450.00
60506,0.00,-4298.75,370.00
60607,0.00,-4216.25,500.00
60708,0.00,-3910.00,410.00
60809,0.00,-4065.00,40.00
60910,663.75,-1225.00,1520.00
61011,1113.75,-648.75,740.00
61112,1320.00,-48.75,60.00
61213,1086.25,-56.25,90.00
61314,2335.00,4527.50,12430.00
61415,2626.25,2195.00,6030.00
61516,2616.25,1115.00,2920.00
61617,2660.00,433.75,990.00
61718,2496.25,1.25,0.00
61819,2101.25,-1.25,0.00
61920,1998.75,2.50,0.00
62021,0.00,-2.50,0.00
62122,848.75,-3147.50,2790.00
62223,1055.00,-5335.00,6130.00
62324,1067.50,-6610.00,7050.00
62425,1240.00,-5418.75,6720.00
62526,503.75,-8702.50,4840.00
62627,0.00,-6921.25,770.00
62728,0.00,-5817.50,440.00
62829,0.00,-5721.25,120.00
62930,0.00,-5235.00,180.00
63031,0.00,-4427.50,240.00
63132,88.75,-4486.25,400.00
63233,681.25,-4266.25,2910.00
63334,470.00,-4130.00,4570.00
63435,886.25,-4018.75,4850.00
63536,2200.00,-3207.50,6690.00
63637,1998.75,-1306.25,2610.00
63738,1945.00,-676.25,1010.00
63839,1657.50,-250.00,260.00
63940,1066.25,-22.50,30.00
64041,522.50,0.00,0.00
64142,2787.50,4702.50,10130.00
64243,1353.75,2550.00,3210.00
64344,1250.00,1261.25,1470.00
64445,1295.00,441.25,580.00
64546,687.50,-480.00,370.00
64647,956.25,-2893.75,2960.00
64748,1020.00,-4551.25,5040.00
64849,1098.75,-4372.50,4800.00
64950,1113.75,-3097.50,3780.00
65051,1110.00,-2971.25,3510.00
65152,1185.00,-3213.75,3330.00
65253,1365.00,-2551.25,3480.00
65354,1183.75,-2457.50,4390.00
65455,1537.50,-2443.75,5260.00
65556,1922.50,-2487.50,4760.00
65657,2211.25,-2370.00,5240.00
65758,2030.00,-2347.50,4950.00
65859,2167.50,-2197.50,3880.00
65960,1912.50,-2508.75,4380.00
66061,1472.50,-2371.25,3490.00
66162,1832.50,-2552.50,2740.00
66263,1346.25,-2862.50,2270.00
66364,888.75,-3051.25,2570.00
66465,866.25,-2517.50,2180.00
66566,981.25,-3085.00,3020.00
66667,982.50,-3198.75,3290.00
66768,1001.25,-2862.50,3070.00
66869,1098.75,-3051.25,3380.00
66970,1151.25,-2960.00,3400.00
67071,1093.75,-3080.00,3740.00
67172,1163.75,-3155.00,3490.00
67273,1188.75,-2901.25,3580.00
67374,1346.25,-2932.50,3940.00
67475,1227.50,-2968.75,5480.00
67576,1631.25,-2772.50,6020.00
67677,1987.50,-2818.75,5640.00
67778,2216.25,-2648.75,5880.00
67879,2187.50,-2501.25,5380.00
67980,2297.50,-2951.25,5360.00
68081,2087.50,-2667.50,6120.00
68182,1648.75,-2882.50,4750.00
68283,1840.00,-3052.50,3300.00
68384,1353.75,-2851.25,2360.00
68485,931.25,-2681.25,2730.00
68586,853.75,-2828.75,2420.00
68687,840.00,-2747.50,2590.00
68788,886.25,-2753.75,2740.00
68889,938.75,-2697.50,2500.00
68990,1008.75,-2773.75,2800.00
69091,1013.75,-2738.75,3050.00
69192,1073.75,-2757.50,3240.00
69293,1156.25,-2932.50,3570.00
69394,1222.50,-3417.50,4170.00
69495,1222.50,-4318.75,5890.00
69596,1237.50,-3877.50,7120.00
69697,1705.00,-4228.75,7120.00
69798,2010.00,-4100.00,8240.00
69899,1851.25,-3642.50,8330.00
70000,2203.75,-3656.25,8290.00
70101,2293.75,-3550.00,8510.00
70202,2067.50,-3550.00,7330.00
70303,2232.50,-3488.75,5670.00
70404,1838.75,-3478.75,3830.00
70505,1361.25,-3288.75,4430.00
70606,910.00,-3381.25,3070.00
70707,877.50,-3491.25,3060.00
70808,861.25,-3552.50,3370.00
70909,918.75,-3293.75,3120.00
71010,1011.25,-3321.25,3350.00
71111,1080.00,-3491.25,3780.00
71212,1026.25,-3623.75,4060.00
71313,1091.25,-3211.25,3670.00
71414,1155.00,-3251.25,3700.00
71515,1183.75,-3543.75,4200.00
71616,1175.00,-3201.25,4480.00
71717,1198.75,-3507.50,6570.00
71818,1690.00,-3525.00,5630.00
71919,2121.25,-3308.75,7010.00
72020,1903.75,-3426.25,7720.00
72121,2236.25,-3197.50,7000.00
72222,2261.25,-3427.50,7260.00
72323,2053.75,-3280.00,6730.00
72424,2217.50,-3430.00,5390.00
72525,1806.25,-3342.50,3520.00
72626,1272.50,-3343.75,4380.00
72727,876.25,-3408.75,2980.00
72828,1075.00,-3273.75,2880.00
72929,836.25,-3332.50,3260.00
73030,901.25,-3285.00,3140.00
73131,978.75,-3382.50,3320.00
73232,991.25,-3532.50,3650.00
73333,1022.50,-3435.00,3840.00
73434,1105.00,-3551.25,3520.00
73535,1140.00,-3457.50,3940.00
73636,1111.25,-3256.25,3800.00
73737,1163.75,-3221.25,4620.00
73838,733.75,0.00,0.00
73939,1168.75,-1.25,0.00
74040,858.75,-1.25,0.00
74141,1156.25,-1.25,0.00
74242,1131.25,-1.25,0.00
74343,915.00,-2.50,0.00
74444,882.50,0.00,0.00
74545,615.00,-2.50,0.00
74646,268.75,0.00,0.00
74747,0.00,0.00,0.00
74848,56.25,0.00,0.00
74949,0.00,-2.50,0.00
75050,0.00,1.25,0.00
75151,0.00,-1.25,0.00
75252,0.00,-1.25,0.00
75353,0.00,0.00,0.00
75454,0.00,-1.25,0.00
75555,0.00,0.00,0.00
75656,0.00,-1.25,0.00
75757,0.00,0.00,0.00
75858,0.00,0.00,0.00
75959,23.75,1.25,0.00
76060,443.75,-1.25,0.00
76161,205.00,0.00,0.00
76262,602.50,0.00,0.00
76363,822.50,0.00,0.00
76464,755.00,0.00,0.00
76565,816.25,-1.25,0.00
76666,641.25,-2.50,0.00
76767,252.50,0.00,0.00
76868,0.00,0.00,0.00
76969,43.75,-1.25,0.00
77070,0.00,-1.25,0.00
77171,0.00,0.00,0.00
77272,0.00,0.00,0.00
77373,0.00,0.00,0.00
77474,0.00,0.00,0.00
77575,0.00,-1.25,0.00
77676,0.00,0.00,0.00
77777,0.00,-1.25,0.00
77878,0.00,0.00,0.00
77979,1296.25,-4798.75,6160.00
78080,1380.00,-3990.00,5500.00
78181,1208.75,-3436.25,6400.00
78282,1570.00,-2916.25,6530.00
78383,1996.25,-2771.25,5790.00
78484,1175.00,-1.25,0.00
78585,746.25,0.00,0.00
78686,770.00,0.00,0.00
78787,571.25,-1.25,0.00
78888,1722.50,-4766.25,8200.00
78989,1306.25,-4142.50,5410.00
79090,190.00,1.25,0.00
79191,1047.50,-4670.00,4110.00
79292,947.50,-3522.50,2820.00
79393,1048.75,-2928.75,3070.00
79494,1000.00,-3030.00,3550.00
79595,1041.25,-2553.75,3050.00
79696,1120.00,-2441.25,2930.00
79797,1142.50,-2240.00,2560.00
79898,1123.75,-2223.75,2620.00
79999,1125.00,-2436.25,2930.00
80100,1183.75,-2278.75,2780.00
80201,1428.75,-2482.50,3550.00
80302,1417.50,-5260.00,10740.00
80403,653.75,-8350.00,11230.00
80504,923.75,-6543.75,6540.00
80605,1216.25,-5661.25,6890.00
80706,1145.00,-5466.25,6520.00
80807,1206.25,-4773.75,3900.00
80908,1027.50,-4318.75,4420.00
81009,613.75,-4288.75,2640.00
81110,851.25,-4061.25,190.00
81211,283.75,-3720.00,830.00
81312,0.00,-3882.50,610.00
81413,0.00,-3846.25,670.00
81514,0.00,-3740.00,450.00
81615,0.00,-3571.25,330.00
81716,0.00,-3703.75,450.00
81817,0.00,-3677.50,360.00
81918,0.00,-3615.00,350.00
82019,0.00,-3480.00,360.00
82120,1180.00,-2071.25,2520.00
82221,973.75,-988.75,960.00
82322,526.25,-25.00,30.00
82423,4562.50,8205.00,40640.00
82524,2116.25,4330.00,9130.00
82625,2516.25,2105.00,5300.00
82726,2316.25,880.00,2370.00
82827,2611.25,325.00,820.00
82928,2630.00,-1.25,0.00
83029,2308.75,0.00,0.00
83130,2493.75,0.00,0.00
83231,2077.50,-1.25,0.00
83332,1528.75,0.00,0.00
83433,1255.00,-1.25,0.00
83534,1263.75,0.00,0.00
83635,1266.25,0.00,0.00
83736,1280.00,0.00,0.00
83837,1292.50,0.00,0.00
83938,1316.25,0.00,0.00
84039,1310.00,0.00,0.00
84140,1313.75,0.00,0.00
84241,1330.00,0.00,0.00
84342,1453.75,0.00,0.00
84443,1370.00,-1.25,0.00
84544,1722.50,0.00,0.00
84645,2213.75,0.00,0.00
84746,2583.75,0.00,0.00
84847,2458.75,-1.25,0.00
84948,2658.75,-1.25,0.00
85049,3058.75,3.75,10.00
85150,2616.25,6.25,10.00
85251,2841.25,10.00,30.00
85352,2352.50,3.75,10.00
85453,1903.75,1.25,0.00
85554,1872.50,3.75,10.00
85655,1848.75,6.25,10.00
85756,1937.50,3.75,10.00
85857,2022.50,15.00,10.00
85958,2068.75,3.75,10.00
86059,2031.25,3.75,10.00
86160,2092.50,5.00,10.00
86261,2147.50,-7.50,0.00
86362,2163.75,3.75,10.00
86463,2173.75,23.75,50.00
86564,2233.75,8.75,30.00
86665,2702.50,-2.50,10.00
86766,3126.25,13.75,40.00
86867,2947.50,31.25,100.00
86968,3240.00,2.50,10.00
87069,3220.00,1.25,10.00
87170,2898.75,3.75,10.00
87271,2475.00,3.75,10.00
87372,2678.75,3.75,10.00
87473,2165.00,3.75,10.00
87574,1827.50,2.50,0.00
87675,1925.00,3.75,10.00
87776,1855.00,2.50,0.00
87877,1966.25,5.00,10.00
87978,2018.75,5.00,10.00
88079,2087.50,5.00,10.00
88180,2052.50,3.75,10.00
88281,2091.25,5.00,10.00
88382,2141.25,5.00,0.00
88483,2182.50,8.75,10.00
88584,2171.25,5.00,10.00
88685,2296.25,5.00,10.00
88786,2840.00,25.00,10.00
88887,3210.00,-6.25,30.00
88988,3033.75,6.25,30.00
89089,3272.50,5.00,10.00
89190,3173.75,3.75,40.00
89291,2757.50,11.25,30.00
89392,3013.75,5.00,10.00
89493,2602.50,5.00,10.00
89594,2013.75,5.00,10.00
89695,1843.75,6.25,10.00
89796,1880.00,3.75,10.00
89897,1892.50,3.75,10.00
89998,1985.00,2.50,0.00
90099,2055.00,5.00,10.00
90200,2028.75,3.75,10.00
90301,2100.00,2.50,0.00
90402,2110.00,-2.50,10.00
90503,2157.50,-3.75,10.00
90604,2137.50,3.75,10.00
90705,2176.25,2.50,10.00
90806,2450.00,3.75,10.00
90907,2946.25,-1.25,0.00
91008,2738.75,5.00,10.00
91109,3161.25,2.50,10.00
91210,3250.00,2.50,10.00
91311,3117.50,-6.25,30.00
91412,2710.00,2.50,10.00
91513,2902.50,3.75,10.00
91614,2445.00,3.75,0.00
91715,1961.25,5.00,10.00
91816,1866.25,-1.25,0.00
91917,1851.25,2.50,0.00
92018,1911.25,0.00,0.00
92119,1987.50,-3.75,0.00
92220,2056.25,5.00,10.00
92321,2070.00,5.00,10.00